epoch,loss,mean_io_u,val_loss,val_mean_io_u
0,0.754803942011046,0.53743696,0.5244713105732881,0.872554
1,0.3405653949123842,0.82980895,0.26257683338351534,0.8558076
