epoch,accuracy,loss
0,0.99887455,0.03225312360968126
